[ 
	{
		"ParameterKey":"VpcId",
	 	"ParameterValue":"vpc-ad0ea2c9"
	},
	{
		"ParameterKey":"PrivateSubnetAZ1",
	 	"ParameterValue":"subnet-8ed3bfea"
	},
	{
	 	"ParameterKey":"PrivateSubnetAZ2",
	 	"ParameterValue":"subnet-9bb72aed"
	},
	{
		"ParameterKey":"SecurityGroup",
	 	"ParameterValue":"sg-f007ce97"
	},
	{
		"ParameterKey":"KeyName",
	 	"ParameterValue":"terraform-southeast"
	},
	{
		"ParameterKey":"ClusterName",
	 	"ParameterValue":"ng-ecs"
	},
	{
		"ParameterKey":"AsgDesiredCapacity",
	 	"ParameterValue":"2"
	},
	{
		"ParameterKey":"AsgMaxSize",
	 	"ParameterValue":"2"
	},
	{
		"ParameterKey":"InstanceType",
	 	"ParameterValue":"t2.micro"
	}
]

